id,email,created_at
1,john.doe@example.com,2023-05-15 10:30:00
2,jane.smith@example.com,2023-05-16 14:45:00
3,bob.johnson@example.com,2023-05-17 09:15:00
4,alice.williams@example.com,2023-05-18 16:20:00
5,charlie.brown@example.com,2023-05-19 11:00:00
6,diana.prince@example.com,2023-05-20 13:45:00
7,ethan.hunt@example.com,2023-05-21 08:30:00
8,fiona.gallagher@example.com,2023-05-22 15:15:00
9,george.lucas@example.com,2023-05-23 12:00:00
10,hannah.montana@example.com,2023-05-24 17:30:00
11,ian.malcolm@example.com,2023-05-25 09:45:00
12,julia.roberts@example.com,2023-05-26 14:20:00
13,keanu.reeves@example.com,2023-05-27 11:10:00
14,lucy.liu@example.com,2023-05-28 16:50:00
15,morgan.freeman@example.com,2023-05-29 10:25:00